用例编号,模块,场景,前置条件,操作,预期结果,实施阶段,执行状态,实际结果,证据位置
AT-001,身份,已认证用户关联,存在已核验账号学号映射,学生从WPS入口访问,只展示该学生身份及本人数据；不要求重新设置密码,B,未执行,,
AT-002,身份,未匹配账号,WPS账号存在但没有学生映射,访问考勤,提示联系管理员核验；不能输入别人学号获取数据,B,未执行,,
AT-003,身份,同班同名,名册中同班存在同名学生,导入没有学号的同名行,原始行进入映射异常；不随机归属也不发送IM,B,未执行,,
AT-004,身份,学号前导零,学号含前导零,导入及导出名册,学号文本完整保留，账号关系不变,B,未执行,,
AT-005,权限,访问他人考勤,两个不同学生账号,修改URL或API中的考勤ID为他人ID,服务端拒绝；页面、API均不泄露他人内容,B,未执行,,
AT-006,权限,访问他班数据,副班长只有甲班授权,查询乙班、展开关联、尝试导出,所有入口均拒绝越权,B,未执行,,
AT-007,权限,附件隔离,病假有证据附件,普通同学及副班长访问证据地址,拒绝；对应辅导员和本人可访问,D,未执行,,
AT-008,权限,技术管理不等于业务管理,账号仅有admin角色,尝试改判或查看个人病假,拒绝；运维权限不自动获得业务权,B,未执行,,
AT-009,权限,受控字段直接编辑,学生或副班长打开原生资源,尝试修改最终结果或角色,拒绝；不得绕过写入服务,B,未执行,,
AT-010,组织,角色失效,审核人授权已到期,提交此前打开的审批页面,服务端重新校验并拒绝；任务重新路由,D,未执行,,
AT-011,组织,学生转班,甲班历史数据已存在,将学生在某日转入乙班再查历史,历史仍归甲班；生效后数据归乙班；权限按实际历史和角色范围检查,B,未执行,,
AT-012,导入,按列名识别,合法Excel调整列顺序,导入文件,按列名正确识别；未知必需列缺失报错,B,未执行,,
AT-013,导入,重复文件,已有一次成功导入,再次导入相同文件,不新增正式考勤；统计和消息不重复,B,未执行,,
AT-014,导入,重叠日期文件,部分行已有，部分为新增,导入重叠数据,旧记录识别重复，仅新增真正新增行,B,未执行,,
AT-015,导入,相同业务键内容变化,原始签到方式或结果被学校更正,导入更正文件,保存新原始版本并按策略复核，不静默冲掉人工结论,B,未执行,,
AT-016,导入,错误行,存在无日期、节次非法、班级未匹配行,执行导入,错误分类型列出，不伪装成考勤待处理或旷课,B,未执行,,
AT-017,导入,中断恢复,分批写入过程中部分成功,中断工作进程后重启续做,利用检查点及幂等键恢复，不丢失不重复,B,未执行,,
AT-018,导入,日期语义,生成日期不同于实际上课日期,导入该来源,要求可信上课日期映射；未取得前隔离，不直接替换,B,未执行,,
AT-019,历史,今日公式不改历史,已生成固定日期考勤,系统日期跨日后查看历史,历史日期和最终结果不随TODAY公式变化,C,未执行,,
AT-020,粒度,连堂课展开,来源证实1至4节每节独立覆盖,导入范围节次,正确生成四节并保留原字符串；按单节请假匹配,B,未执行,,
AT-021,粒度,粒度未明,来源只有一次签到但无法证明覆盖多节,导入连堂记录,标粒度待确认；不直接复制为多节正常,B,未执行,,
AT-022,判定,有效方式,正常分别搭配刷脸/istudy/二维码,计算基础结果,三种均正常,C,未执行,,
AT-023,判定,正常加刷卡,使用已确认的v4兼容规则,计算基础结果,旷课且有规则依据和版本,C,未执行,,
AT-024,判定,空或未知方式,正常加空值或新方式,计算基础结果,待处理，不直接正常或旷课,C,未执行,,
AT-025,判定,迟到早退,迟到或早退搭配不同方式,计算结果,保留迟到早退；有效请假不自动覆盖,C,未执行,,
AT-026,判定,真实样本回归,取得v4指定31792行真实文件且无请假人工结论,导入并汇总,正常15442、旷课14185、待处理2001、迟到164；没有文件则标阻塞,C,未执行,,
AT-027,核对,缺少理由,副班长核对待处理记录,不填说明提交,拒绝；填写后才生成事件及结果,C,未执行,,
AT-028,核对,本人核对,待处理记录属于审核人本人,尝试确认到场,拒绝自核对并路由其他授权人或辅导员,C,未执行,,
AT-029,核对,并发核对,两人打开同一版本,先后提交不同结果,第一笔成功，第二笔提示版本变化，不覆盖,C,未执行,,
AT-030,请假,先批后导入,指定学生日期节次的请假已通过,导入匹配旷课记录,该节自动为请假；其余学生日期节次不受影响,D,未执行,,
AT-031,请假,先导入后批准,已有旷课记录,轻审批批准对应请假,明细更正并更新统计；同时保留批准和实际生效时间,D,未执行,,
AT-032,请假,刷卡旷课被覆盖,按D09确认的规则且无人工结论,批准匹配请假,基础仍为旷课，最终为请假,D,未执行,,
AT-033,请假,病假无附件,学生选病假,不上传证据提交,拒绝提交并提示必传,D,未执行,,
AT-034,请假,多人公假,干部对一组学生有权限,为多人提交并批准,逐人独立关联和匹配；成员可查自己的结果,D,未执行,,
AT-035,请假,跨辅导员公假,选择不同负责辅导员范围成员,提交一单,按默认方案提示拆单，不任意选一个辅导员审批全部,D,未执行,,
AT-036,请假,重叠单撤销,同一节被两张已批准单覆盖,撤销其中一张并确认,剩余有效单继续覆盖，仍为请假,D,未执行,,
AT-037,请假,撤销待确认,请假已经通过,学生申请撤销但辅导员未确认,请假仍生效，状态显示撤销待确认,D,未执行,,
AT-038,请假,撤销完成,唯一有效请假已通过,辅导员确认撤销,无人工保护时按原始数据完整重算，不一律变旷课,D,未执行,,
AT-039,请假,人工结论保护,已有人工正常结论,请假批准或撤销触发重算,人工正常不被冲掉；冲突进入复核并留痕,D,未执行,,
AT-040,审批,重复事件,同一批准事件可重复投递,连续投递两次,只生效一次，统计不重复加减，通知不重复,D,未执行,,
AT-041,审批,乱序事件,实例已进入更新状态,再送来旧状态事件,查询或验证权威版本后忽略旧事件，不回退状态,D,未执行,,
AT-042,审批,伪造批准,前端提交未经验证approved事件,请求业务回写,拒绝或服务端查证；不能修改考勤,D,未执行,,
AT-043,审批,批准后回写失败,轻审批通过但表写入故障,处理并重试,显示批准且同步异常，保留任务；恢复后一次生效,D,未执行,,
AT-044,申诉,两级申诉,普通学生有旷课记录,提交、一审通过、二审通过,一审不改判；终审实际生效后正常并开始公示,D,未执行,,
AT-045,申诉,副班长本人,申请人为副班长,提交本人申诉,不进入本人待办；辅导员代审,D,未执行,,
AT-046,申诉,干部本人唯一干部,申请人为本班唯一二审干部,一审通过,二审转辅导员，不等待自己审核,D,未执行,,
AT-047,申诉,无人审核,班级未任命有效审核人,提交申诉,有辅导员兜底；管理端显示人员缺口,D,未执行,,
AT-048,申诉,一审超时,提交后超过7乘24小时,原一审人及辅导员分别处理,原一审人被拒绝；辅导员能代审，旧实例不可再生效,D,未执行,,
AT-049,申诉,早退开关,早退记录,分别关闭和开启早退申诉配置,关闭时不可提交；开启后同样执行证据及审核规则,D,未执行,,
AT-050,申诉,重复提交和补证,同一记录已有活动申诉,重复点击；驳回后重新提交,进行中返回既有单；驳回后可新建并保留历史,D,未执行,,
AT-051,申诉,公示与锁定,申诉终审且实际更正成功,推进七天时间并尝试再改,本人可见倒计时；期满普通流程不可改，辅导员带理由可复核,D,未执行,,
AT-052,申诉,终审并发变化,申诉待二审期间已有新请假或人工更正,终审试图写旧结果,版本冲突进入复核，不覆盖新结论,D,未执行,,
AT-053,消息,每日个人日报,当日有学生本人记录且身份映射有效,北京时间21点执行,每人只收到自己的汇总和受控详情链接,E,未执行,,
AT-054,消息,日报去重,当日日报已发送,任务重复启动或重启,同人同日同类不重复发；补发另有审计,E,未执行,,
AT-055,消息,数据未齐,当日仅部分班或部分课程导入,生成日报,明确仅已导入数据，不把缺记录当旷课,E,未执行,,
AT-056,消息,当日无数据,只有上一教学日数据,执行今日日报,不冒充今日发旧数据；提醒管理员未导入,E,未执行,,
AT-057,消息,结果未知,发送后网络超时且平台可能已接收,进入重试处理,先查询回执；无查询能力保留unknown，不盲重发,E,未执行,,
AT-058,消息,错误身份,学生无IM接收人映射,执行通知,跳过且计数，创建映射异常，不按同名代发,E,未执行,,
AT-059,消息,消息失败不回滚,审批和考勤已成功，IM明确失败,查看结果并恢复发送,业务保持成功，消息台账可重试，学生应用内可见,E,未执行,,
AT-060,统计,改判全路径一致,存在请假/申诉/核对/撤销/手改,分别生效后对账,学生、班级、学院汇总与明细一致，无重复增减,F,未执行,,
AT-061,统计,口径独立,存在旷课迟到早退待处理,计算看板,异常为旷课加迟到加早退，待核实单列；需关注另有说明,F,未执行,,
AT-062,恢复,写入后进程崩溃,明细已改，汇总和消息未完成,中断后重启任务,依据applied_event_id补齐后续，不再次改判,F,未执行,,
AT-063,性能,大表查询,60万行代表数据和30并发查询,测量学生查询及管理筛选,按冻结目标验收，建议P95不超过3秒；附环境及测量记录,F,未执行,,
AT-064,性能,百万行代表验证,百万行级代表数据,筛选、分页、关联、汇总查询,真实遍历无漏行死循环；性能及配额限制明确记录,F,未执行,,
AT-065,恢复,分区恢复,已备份测试分区及附件引用,在隔离空间恢复,业务ID、数量、关联、权限和附件可用性通过核对,F,未执行,,
AT-066,迁移,样例不进生产,已有demo签到请假,建立生产视图和统计,demo隔离；未核验历史请假不自动生效,B,未执行,,
AT-067,交付,完整真实链路,已冻结业务规则及获得租户权限,导入、查询、审批、更正、统计、白名单IM,全链路证据齐全；模拟与真实验证明确区分,F,未执行,,
