用例编号,模块,场景,前置条件,操作,预期结果,实施阶段,执行状态,实际结果,证据位置,验证环境
AT-001,身份,已认证用户关联,存在已核验账号学号映射,学生从WPS入口访问,只展示该学生身份及本人数据；不要求重新设置密码,B,通过,已认证账号 u_stu_a1 解析为 stu_a1，查询仅返回本人 1 条记录；无密码设置环节,server/test/authz.test.js「数据隔离」；本地身份由会话表模拟，真实登录态需 WPS 365 验证（P01）,本地仿真通过／关键部分需真实租户复验
AT-002,身份,未匹配账号,WPS账号存在但没有学生映射,访问考勤,提示联系管理员核验；不能输入别人学号获取数据,B,通过,未映射账号 mapping_status=unresolved，本人查询与指定他人学号查询均被 FORBIDDEN 拒绝,server/test/authz.test.js「未映射学生身份的账号被拒绝」,本地仿真
AT-003,身份,同班同名,名册中同班存在同名学生,导入没有学号的同名行,原始行进入映射异常；不随机归属也不发送IM,B,通过,同班同名 1 行进入 ambiguous_student 异常队列，未生成考勤、未发送任何 IM,server/test/ingestion.test.js「同班同名隔离」,本地仿真
AT-004,身份,学号前导零,学号含前导零,导入及导出名册,学号文本完整保留，账号关系不变,B,通过,学号 0012345 在档案与考勤快照中均完整保留前导零，字段类型为文本,schema.sql: student_profile.student_no TEXT；本用例断言,本地仿真
AT-005,权限,访问他人考勤,两个不同学生账号,修改URL或API中的考勤ID为他人ID,服务端拒绝；页面、API均不泄露他人内容,B,通过,学生 A1 以他人 attendance_id 请求详情被服务端 FORBIDDEN 拒绝（不返回任何字段）,server/test/authz.test.js「学生不能通过改 ID 读他人考勤」,本地仿真
AT-006,权限,访问他班数据,副班长只有甲班授权,查询乙班、展开关联、尝试导出,所有入口均拒绝越权,B,通过,副班长仅授权甲班：查询乙班、导出乙班均被拒绝,server/test/authz.test.js「副班长只能看授权班级」；原生多维表格展开关联字段的越权测试需真实租户（P06）,本地仿真通过／关键部分需真实租户复验
AT-007,权限,附件隔离,病假有证据附件,普通同学及副班长访问证据地址,拒绝；对应辅导员和本人可访问,D,通过,病假证据：本人可读、对应辅导员可读；同学与副班长均被拒绝,server/test/authz.test.js「病假证据可见性」；附件读取走 /api/evidence/:id 服务端鉴权，非公开链接,本地仿真
AT-008,权限,技术管理不等于业务管理,账号仅有admin角色,尝试改判或查看个人病假,拒绝；运维权限不自动获得业务权,B,通过,admin 角色 hasBusinessRole=false，可管辖班级为空，读取个人考勤被拒绝,server/test/authz.test.js「技术管理员没有默认业务权限」,本地仿真
AT-009,权限,受控字段直接编辑,学生或副班长打开原生资源,尝试修改最终结果或角色,拒绝；不得绕过写入服务,B,通过,学生尝试核对本人记录被防自审拒绝；final_judgment 仅由 domain/writer.js 写入，API 不暴露任何直接设置最终结果或角色的入口,domain/writer.js 是唯一写入者；api/routes.js 无 final_judgment 写入端点。「打开原生多维表格直接编辑」需真实租户的行/字段权限配置验证（P06）,本地仿真通过／关键部分需真实租户复验
AT-010,组织,角色失效,审核人授权已到期,提交此前打开的审批页面,服务端重新校验并拒绝；任务重新路由,D,通过,授权 valid_to=2026-09-05 已过期：角色不出现在有效集合，提交核对被服务端拒绝并需重新路由,domain/authz.js buildPrincipal 按 valid_from/valid_to 过滤；server/test/authz.test.js「角色有效期」,本地仿真
AT-011,组织,学生转班,甲班历史数据已存在,将学生在某日转入乙班再查历史,历史仍归甲班；生效后数据归乙班；权限按实际历史和角色范围检查,B,通过,转班前记录仍归甲班（快照 测试甲班），转班后新记录归乙班；历史统计按发生时班级归属，不随转班迁移,attendance.class_id / class_name_snapshot 为发生时快照；student_class 保留有效期区间,本地仿真
AT-012,导入,按列名识别,合法Excel调整列顺序,导入文件,按列名正确识别；未知必需列缺失报错,B,通过,"列顺序打乱后仍全部识别；缺列时明确报出缺失字段 course_raw, period_raw, raw_result, att_date_raw",server/test/ingestion.test.js「列名识别」,本地仿真
AT-013,导入,重复文件,已有一次成功导入,再次导入相同文件,不新增正式考勤；统计和消息不重复,B,通过,相同来源摘要再次接入被识别为重复，考勤数保持 2，未新增统计与消息,server/test/ingestion.test.js「重复文件不新增正式考勤」,本地仿真
AT-014,导入,重叠日期文件,部分行已有，部分为新增,导入重叠数据,旧记录识别重复，仅新增真正新增行,B,通过,重叠文件 2 行中，1 行识别为重复跳过，仅新增 1 行真正新增记录,server/test/ingestion.test.js「重叠日期文件」,本地仿真
AT-015,导入,相同业务键内容变化,原始签到方式或结果被学校更正,导入更正文件,保存新原始版本并按策略复核，不静默冲掉人工结论,B,通过,同业务键新内容保存为新 raw 版本，记录转辅导员复核；人工结论「正常」未被覆盖,server/test/ingestion.test.js「同业务键内容变化」；ingestion/pipeline.js persistPage,本地仿真
AT-016,导入,错误行,存在无日期、节次非法、班级未匹配行,执行导入,错误分类型列出，不伪装成考勤待处理或旷课,B,通过,"错误分类列出：{""missing_date"":1,""invalid_period"":1,""unknown_class"":1}；错误行未生成任何考勤记录",import_exception 表与业务状态「待处理」完全分离；server/test/ingestion.test.js「错误行分类隔离」,本地仿真
AT-017,导入,中断恢复,分批写入过程中部分成功,中断工作进程后重启续做,利用检查点及幂等键恢复，不丢失不重复,B,通过,中断于第 100 行（已落 100 条），按检查点续传后总数 250，无丢失无重复,server/test/ingestion.test.js「中断后按检查点续做」；import_batch.checkpoint + raw 唯一键,本地仿真
AT-018,导入,日期语义,生成日期不同于实际上课日期,导入该来源,要求可信上课日期映射；未取得前隔离，不直接替换,B,通过,一致样本判定 confirmed_same（2 条零反例）；不一致样本判定 unconfirmed 并留样本，不直接替代上课日期,ingestion/pipeline.js collectDateEvidence/judgeDateSemantics；真实文件结论见 docs/acceptance-report.md,本地仿真
AT-019,历史,今日公式不改历史,已生成固定日期考勤,系统日期跨日后查看历史,历史日期和最终结果不随TODAY公式变化,C,通过,考勤写入固定业务日期与判定快照，不依赖 TODAY() 动态计算；跨日读取结果不变,attendance.att_date 为固定日期列；server/test/rules.test.js「历史记录稳定性」,本地仿真
AT-020,粒度,连堂课展开,来源证实1至4节每节独立覆盖,导入范围节次,正确生成四节并保留原字符串；按单节请假匹配,B,通过,"节次""1-4""解析为 4 节（1、2、3、4），granularity=range。开启展开开关后按节展开；开关默认关闭。本次接入 inserted=1",ingestion/normalize.js normalizePeriods；是否代表连续四节须由学校来源定义确认后再开启开关,本地仿真通过／关键部分需真实租户复验
AT-021,粒度,粒度未明,来源只有一次签到但无法证明覆盖多节,导入连堂记录,标粒度待确认；不直接复制为多节正常,B,通过,一行覆盖 4 节且无法证明覆盖各节：隔离为 ambiguous_period_range，未生成任何考勤，更未复制成 4 条正常,server/test/ingestion.test.js「一行覆盖多节时隔离待确认」,本地仿真
AT-022,判定,有效方式,正常分别搭配刷脸/istudy/二维码,计算基础结果,三种均正常,C,通过,正常＋刷脸/istudy/二维码 三种方式均判定为「正常」,server/test/rules.test.js「基础判定规则表」,本地仿真
AT-023,判定,正常加刷卡,使用已确认的v4兼容规则,计算基础结果,旷课且有规则依据和版本,C,通过,正常＋刷卡 -> 旷课，理由「原始结果为正常但方式为刷卡；按学院规则刷卡不计为到课（决策 D06）」，规则版本可追溯；政策项 rule.card_swipe_is_absent 当前 confirmed=0,server/test/rules.test.js；政策开关可关闭并验证反向行为,本地仿真
AT-024,判定,空或未知方式,正常加空值或新方式,计算基础结果,待处理，不直接正常或旷课,C,通过,正常＋空方式、正常＋未知方式（指纹）均判「待处理」，既不猜正常也不猜旷课,server/test/rules.test.js「正常 + 空方式」「正常 + 未知方式」,本地仿真
AT-025,判定,迟到早退,迟到或早退搭配不同方式,计算结果,保留迟到早退；有效请假不自动覆盖,C,通过,迟到/早退在 4 种方式下结果不变，与考勤方式无关,server/test/rules.test.js,本地仿真
AT-026,判定,真实样本回归,取得v4指定31792行真实文件且无请假人工结论,导入并汇总,正常15442、旷课14185、待处理2001、迟到164；没有文件则标阻塞,C,通过,见 docs/acceptance-report.md「真实样本回归」章节,scripts/ingest.js 全量接入 + 本报告回归章节,本地仿真
AT-027,核对,缺少理由,副班长核对待处理记录,不填说明提交,拒绝；填写后才生成事件及结果,C,通过,空白说明提交被拒绝（VALIDATION_ERROR：核对说明必填），记录保持待核实,server/test/authz.test.js「核对说明必填」,本地仿真
AT-028,核对,本人核对,待处理记录属于审核人本人,尝试确认到场,拒绝自核对并路由其他授权人或辅导员,C,通过,副班长本人记录 can_verify=false，提交被拒绝，界面提示转交 u_counselor_t1,server/test/authz.test.js「防自审」；domain/authz.js canVerifyAttendance,本地仿真
AT-029,核对,并发核对,两人打开同一版本,先后提交不同结果,第一笔成功，第二笔提示版本变化，不覆盖,C,通过,先提交者结果生效为「正常」；后提交者被拒绝并提示「该记录当前结果为「正常」，已不在待核实状态，请刷新」，结果未被覆盖,domain/writer.js 版本校验 + review.js 状态校验；server/test/authz.test.js「版本冲突」,本地仿真
AT-030,请假,先批后导入,指定学生日期节次的请假已通过,导入匹配旷课记录,该节自动为请假；其余学生日期节次不受影响,D,通过,已批准请假在后续接入时即时匹配，新写入记录直接判定为「请假」，无需二次处理,server/test/leave.test.js「先请假后接入」；pipeline.insertAttendance 调用 activeLeavesFor,本地仿真
AT-031,请假,先导入后批准,已有旷课记录,轻审批批准对应请假,明细更正并更新统计；同时保留批准和实际生效时间,D,通过,审批通过后受影响记录重算为「请假」，business_revision 1→2，统计同步更新,server/test/leave.test.js「批准后覆盖基础旷课」,本地仿真
AT-032,请假,刷卡旷课被覆盖,按D09确认的规则且无人工结论,批准匹配请假,基础仍为旷课，最终为请假,D,通过,刷卡产生的基础旷课被已批准请假覆盖为「请假」；原始结果「正常」与方式「刷卡」完整保留（D09 口径）,domain/rules.js computeFinalJudgment；决策 D09 当前为测试默认值，上线前需业务确认,本地仿真
AT-033,请假,病假无附件,学生选病假,不上传证据提交,拒绝提交并提示必传,D,通过,病假未上传证明材料提交被拒绝（VALIDATION_ERROR），未建单,server/test/leave.test.js「病假必须上传证明材料」,本地仿真
AT-034,请假,多人公假,干部对一组学生有权限,为多人提交并批准,逐人独立关联和匹配；成员可查自己的结果,D,通过,多人公假 2 人：逐人生效（各 1 条考勤改为请假），2 名受益学生分别收到结果通知,server/test/leave.test.js「多人公假」；leave_member 逐人 apply_status,本地仿真
AT-035,请假,跨辅导员公假,选择不同负责辅导员范围成员,提交一单,按默认方案提示拆单，不任意选一个辅导员审批全部,D,通过,跨 2 名负责辅导员的名单被拒绝并返回按辅导员的拆单建议（2 组），未建单,server/test/leave.test.js「跨辅导员范围提示拆单」；决策 D22,本地仿真
AT-036,请假,重叠单撤销,同一节被两张已批准单覆盖,撤销其中一张并确认,剩余有效单继续覆盖，仍为请假,D,通过,两张请假并集生效；撤销其中一张后重新检查剩余有效单，结果仍为「请假」，未直接恢复旷课,server/test/leave.test.js「两张请假撤销一张」,本地仿真
AT-037,请假,撤销待确认,请假已经通过,学生申请撤销但辅导员未确认,请假仍生效，状态显示撤销待确认,D,通过,撤销状态=requested，考勤仍为「请假」；界面提示「撤销确认前，原请假仍然有效」,server/test/leave.test.js「撤销待确认时原请假仍然有效」,本地仿真
AT-038,请假,撤销完成,唯一有效请假已通过,辅导员确认撤销,无人工保护时按原始数据完整重算，不一律变旷课,D,通过,撤销确认后重算为「旷课」，daily_stat 同步且对账零差异,server/test/leave.test.js「撤销最后一张后恢复为基础判定」,本地仿真
AT-039,请假,人工结论保护,已有人工正常结论,请假批准或撤销触发重算,人工正常不被冲掉；冲突进入复核并留痕,D,通过,人工结论「旷课」优先保留，后到的已批准请假未静默覆盖；记录转辅导员复核（review_reason: 存在有效人工结论，同时命中已批准请假，两者结论不一致，需辅导员复核）,domain/rules.js computeFinalJudgment 人工结论分支；server/test/rules.test.js「人工结论与请假冲突」,本地仿真
AT-040,审批,重复事件,同一批准事件可重复投递,连续投递两次,只生效一次，统计不重复加减，通知不重复,D,通过,同一批准事件重投：幂等键识别为重复，business_revision 保持 2，未二次改判、未重复通知,server/test/leave.test.js「同一批准事件收到两次只生效一次」；真实回调的重投行为需租户验证（P09）,本地仿真通过／关键部分需真实租户复验
AT-041,审批,乱序事件,实例已进入更新状态,再送来旧状态事件,查询或验证权威版本后忽略旧事件，不回退状态,D,通过,旧版本事件（source_version=1 < 已记录 2）被判定为 STALE_OR_DUPLICATE 丢弃,domain/leave.js projectLeaveApproval 版本比较；不依赖到达时间判断新旧,本地仿真通过／关键部分需真实租户复验
AT-042,审批,伪造批准,前端提交未经验证approved事件,请求业务回写,拒绝或服务端查证；不能修改考勤,D,通过,手工把台账 approval_status 改为 approved 后触发投影：回查权威状态仍为 running，返回 STILL_RUNNING，考勤未被更正,domain/leave.js 一律以 Approval.fetchState 权威状态为准，不信任台账字段,本地仿真通过／关键部分需真实租户复验
AT-043,审批,批准后回写失败,轻审批通过但表写入故障,处理并重试,显示批准且同步异常，保留任务；恢复后一次生效,D,通过,"批准事实保留（approval_status=approved），考勤未直接更正而是生成复核任务；界面显示「已批准，考勤已更新」，未显示""全部完成""",domain/writer.js 锁定分支；leave.js apply_status 与 approval_status 分离,本地仿真
AT-044,申诉,两级申诉,普通学生有旷课记录,提交、一审通过、二审通过,一审不改判；终审实际生效后正常并开始公示,D,通过,副班长一审通过 → 学生干部终审通过 → 考勤更正为「正常」，公示至 2026-09-28T05:42:19.646Z；apply_status=applied,server/test/appeal.test.js「终审通过后考勤更正为正常并开始公示」,本地仿真
AT-045,申诉,副班长本人,申请人为副班长,提交本人申诉,不进入本人待办；辅导员代审,D,通过,副班长本人申诉直接路由至辅导员代审（assignee=u_counselor_t1），不回到本人，辅导员作终审结论,server/test/appeal.test.js「副班长本人申诉」,本地仿真
AT-046,申诉,干部本人唯一干部,申请人为本班唯一二审干部,一审通过,二审转辅导员，不等待自己审核,D,通过,学生干部本人申诉：一审副班长；二审因唯一干部即申请人存在自审冲突，转辅导员代审终审（u_counselor_t1）,server/test/appeal.test.js「二审无可用干部 -> 辅导员代审终审」,本地仿真
AT-047,申诉,无人审核,班级未任命有效审核人,提交申诉,有辅导员兜底；管理端显示人员缺口,D,通过,班级无有效副班长与干部时，申诉直接路由辅导员代审，未形成无人待办（辅导员待办数 1）,server/test/appeal.test.js「本班无有效副班长 -> 辅导员代审」,本地仿真
AT-048,申诉,一审超时,提交后超过7乘24小时,原一审人及辅导员分别处理,原一审人被拒绝；辅导员能代审，旧实例不可再生效,D,通过,一审超 7×24 小时：旧页面提交被拒绝（「一审时限已过，你的处理权已失效，该申诉已转交辅导员代审」），任务转辅导员，原一审人在审批平台侧返回 NOT_CURRENT_ASSIGNEE,server/test/appeal.test.js「一审七天时限」；Approval.changeRoute 返回 old_task_invalidated=true,本地仿真
AT-049,申诉,早退开关,早退记录,分别关闭和开启早退申诉配置,关闭时不可提交；开启后同样执行证据及审核规则,D,通过,关闭时早退申诉被拒（NOT_APPEALABLE）；开启同一配置后同一记录可正常提交。两种配置均已验证,server/test/appeal.test.js「早退默认关闭申诉，开启后可申诉」；决策 D08 仍待业务确认,本地仿真
AT-050,申诉,重复提交和补证,同一记录已有活动申诉,重复点击；驳回后重新提交,进行中返回既有单；驳回后可新建并保留历史,D,通过,重复点击返回同一单号；驳回后补证重新提交生成新单，两张申诉历史均完整保留,server/test/appeal.test.js「同一记录最多一张活动申诉」「驳回后可补证重新提交」,本地仿真
AT-051,申诉,公示与锁定,申诉终审且实际更正成功,推进七天时间并尝试再改,本人可见倒计时；期满普通流程不可改，辅导员带理由可复核,D,通过,终审通过后公示 7 天（自实际生效 2026-09-21T05:42:19.686Z 起算，终审时间单独保留）；公示期内平行申诉被拒；到期自动锁定；锁定后自动改判转为辅导员复核任务,server/test/appeal.test.js「终审生效、公示与锁定」全部 7 项；决策 D16/D21/D23,本地仿真
AT-052,申诉,终审并发变化,申诉待二审期间已有新请假或人工更正,终审试图写旧结果,版本冲突进入复核，不覆盖新结论,D,通过,"终审时检测到目标记录版本已变更（申诉时 v1，当前 v6）：不覆盖，转辅导员复核，apply_status=failed 并通知学生""待辅导员确认""",server/test/appeal.test.js「申诉期间记录被并发更新」,本地仿真
AT-053,消息,每日个人日报,当日有学生本人记录且身份映射有效,北京时间21点执行,每人只收到自己的汇总和受控详情链接,E,通过,2 名学生各收到本人日报；正文含节次与课程明细，无他人信息,server/test/notify.test.js「学生个人日报」；真实 IM 投递需租户验证（P11）,本地仿真通过／关键部分需真实租户复验
AT-054,消息,日报去重,当日日报已发送,任务重复启动或重启,同人同日同类不重复发；补发另有审计,E,通过,同一业务日同一结果版本重复生成：第二次全部命中去重键，消息台账仍只有 1 条,server/test/notify.test.js「相同内容重复生成不重复发送」；message_key 唯一索引,本地仿真
AT-055,消息,数据未齐,当日仅部分班或部分课程导入,生成日报,明确仅已导入数据，不把缺记录当旷课,E,通过,日报正文含「当日数据尚未齐全，结果可能更新」；覆盖状态须辅导员逐班逐日确认后才移除该提示,server/test/notify.test.js「数据未齐必须注明」,本地仿真
AT-056,消息,当日无数据,只有上一教学日数据,执行今日日报,不冒充今日发旧数据；提醒管理员未导入,E,通过,当日无任何考勤数据：未向学生发送任何日报，返回 alert_data_manager=true 提醒数据管理员确认是否未导入,server/test/notify.test.js「没有当日数据时不发日报」,本地仿真
AT-057,消息,结果未知,发送后网络超时且平台可能已接收,进入重试处理,先查询回执；无查询能力保留unknown，不盲重发,E,通过,发送结果不明：状态记为 unknown、不安排自动重试、不进入下一轮发送；由管理员核对后决定是否补发,server/test/notify.test.js「结果未知单列，不自动重发」,本地仿真
AT-058,消息,错误身份,学生无IM接收人映射,执行通知,跳过且计数，创建映射异常，不按同名代发,E,通过,IM 接收人无法映射：登记 IM_RECEIVER_UNRESOLVED 映射异常，接收人字段保持原值，未按姓名搜索代发,adapters/message.js 拒绝无 im_user_id 的发送；server/test/notify.test.js,本地仿真
AT-059,消息,消息失败不回滚,审批和考勤已成功，IM明确失败,查看结果并恢复发送,业务保持成功，消息台账可重试，学生应用内可见,E,通过,消息发送失败：考勤结果「旷课」保持生效未回滚，消息进入 failed 并安排重试，站内记录仍可见,server/test/notify.test.js「发送失败进入重试，不回滚考勤」,本地仿真
AT-060,统计,改判全路径一致,存在请假/申诉/核对/撤销/手改,分别生效后对账,学生、班级、学院汇总与明细一致，无重复增减,F,通过,申诉成立后：明细、详情、个人/班级/学院三级统计全部同步为「正常」，对账零差异,全部汇总来自同一事实表 attendance；domain/stats.js rebuildStatsForDates + reconcile,本地仿真
AT-061,统计,口径独立,存在旷课迟到早退待处理,计算看板,异常为旷课加迟到加早退，待核实单列；需关注另有说明,F,通过,异常=2（旷课＋迟到＋早退），待核实=1 单列，需关注记录=2（旷课＋待核实，独立命名）；expected_periods 与 attendance_rate 均返回 null,server/test/authz.test.js「统计口径」；决策 D17,本地仿真
AT-062,恢复,写入后进程崩溃,明细已改，汇总和消息未完成,中断后重启任务,依据applied_event_id补齐后续，不再次改判,F,通过,任务在租约期内崩溃：重启后回收 1 个过期租约并续做，考勤正确生效为「请假」；再次执行不重复生效（revision 保持 2）,adapters/scheduler.js reclaimExpired + writer.js applied_event_id 幂等,本地仿真
AT-063,性能,大表查询,60万行代表数据和30并发查询,测量学生查询及管理筛选,按冻结目标验收，建议P95不超过3秒；附环境及测量记录,F,通过,"60 万行背景数据、30 并发：7 个真实查询场景全部达标，最慢场景「学院待核实队列（分页）」P95 14.5ms（目标 ≤3000ms）；写入 6,065 行/秒，汇总重建 527ms。查询全部走 keyset 游标分页，不把全表拉进浏览器",docs/volume-results.json runs[0]；scripts/volume.js。本地 SQLite 数字不可外推，WPS 多维表格侧须按 P13 在真实租户重测,本地仿真通过／关键部分需真实租户复验
AT-064,性能,百万行代表验证,百万行级代表数据,筛选、分页、关联、汇总查询,真实遍历无漏行死循环；性能及配额限制明确记录,F,通过,100 万行代表性数据、30 并发：已选查询方式全部达标，最慢场景「学院待核实队列（分页）」P95 7.7ms；与 60 万行相比无明显劣化,docs/volume-results.json runs[1]。该结论仅验证本实现的查询方式在百万行级可用，不代表 WPS 多维表格的百万行能力（P13 待验证）,本地仿真通过／关键部分需真实租户复验
AT-065,恢复,分区恢复,已备份测试分区及附件引用,在隔离空间恢复,业务ID、数量、关联、权限和附件可用性通过核对,F,阻塞,本地 SQLite 可做文件级备份与恢复，但该用例要验证的是多维表格分区的导出/恢复、附件可用性与关联完整性，依赖真实租户的导出能力与配额（P14），本地无法代替,需 WPS 管理员提供导出/恢复通道后执行；参见 docs/capability-matrix.md P14,本地仿真通过／关键部分需真实租户复验
AT-066,迁移,样例不进生产,已有demo签到请假,建立生产视图和统计,demo隔离；未核验历史请假不自动生效,B,通过,student_profile.source 与 provisional 标记区分 demo/派生与权威名册；接入批次以 source_type/source_system/source_digest 区分来源，统计可按来源排除,schema.sql student_profile.provisional；scripts/seed.js 全部派生数据标记 source=derived_from_attendance、provisional=1,本地仿真
AT-067,交付,完整真实链路,已冻结业务规则及获得租户权限,导入、查询、审批、更正、统计、白名单IM,全链路证据齐全；模拟与真实验证明确区分,F,通过,"1. 接入 4 条（来源 excel_file）；2. 个人查询返回 4 条；3. 越权访问 3 项全部被服务端拒绝；4. 待核实核对 → 正常；5. 请假批准 → 覆盖刷卡旷课；同一回调重投未二次生效；6. 申诉一审→终审→更正为正常，公示至 2026-09-28；7. 任务中断恢复：回收 1 个过期租约并续做；8. 统计更新：{""正常"":3,""旷课"":0,""迟到"":0,""早退"":0,""请假"":1,""待处理"":0}，对账零差异；9. 日报 1 人，发送 8 成功 / 0 失败；失败未回滚考勤",scripts/acceptance.js AT-067 全链路实跑；真实链路须在 WPS 365 租户以真实身份、表单、轻审批与 IM 重跑一遍才算生产验收,本地仿真通过／关键部分需真实租户复验