用例编号,模块,场景,前置条件,操作,预期结果,功能对应,基线用例,执行状态,实际结果,证据位置
FE-001,工程,复用工程,使用解压后的完整工程,npm ci 后运行 dev,页面可访问，依赖可重现，未改用另一套界面,F01-F21,,未执行,,
FE-002,视觉,保留已选风格,原型截图在 qa,打开桌面和手机工作台,暖白青绿与顶部导航延续，控件不溢出；以正式业务替换错误示意文案,F14/F20,,未执行,,
FE-003,状态,六类状态,六类模拟记录,分别筛选和打开详情,正常旷课迟到早退请假待处理均可展示，待处理可标签为待核实,F03/F07,AT-022/AT-024/AT-025,未执行,,
FE-004,口径,未到不直接转旷课,仅有旧 mock 未到字段,执行字段迁移,标识为演示资料；正式结果须来源和规则，不盲目映射,F07,AT-024,未执行,,
FE-005,身份,未映射账号,认证成功但无学生映射,进入本人页面,提示核验，不允许手填他人学号获取数据,F01,AT-002,未执行,,
FE-006,权限,本人及班级隔离,两名学生及跨班审核人,修改查询ID并尝试导出和附件,服务端拒绝越权；前端不泄露对象内容,F02/F15,AT-005/AT-006/AT-007,未执行,,
FE-007,权限,技术管理员,只有 admin 角色,尝试改判,拒绝；运维身份不自动拥有业务权限,F02,AT-008,未执行,,
FE-008,核对,防自审,本人记录为待处理,调用确认到场动作,后端拒绝并提供合法路由；隐藏按钮不是唯一防线,F05,AT-028,未执行,,
FE-009,核对,缺少理由,合法核对人和记录,空说明提交,前后端都拒绝，不产生成功事件,F05,AT-027,未执行,,
FE-010,跟进,跟进中保留待办,open 工作项,添加待后续跟进备注,状态为 in_progress；仍在活动待办，原始结果不变,F05/F19,,未执行,,
FE-011,核对,成功与追溯,授权待处理项,确认到场并刷新,服务端实际生效后关闭该核对任务；历史事件、原始值可查,F05/F19,AT-060,未执行,,
FE-012,并发,版本冲突,两人持有同一版本,先后提交不同结果,旧版本被拒绝，备注保留，不覆盖新值,F05,AT-029,未执行,,
FE-013,并发,重复及超时,同一动作已受理且响应丢失,重试并查询操作状态,同一幂等键返回原操作，不重复生效、不盲目重建,F18,AT-040/AT-062,未执行,,
FE-014,查询,服务端分页,大于一页且有授权过滤,换筛选、翻页、回退,不拉全量；条件切换重置游标，无重漏，无法取得total时不伪造,F03,AT-064,未执行,,
FE-015,查询,快速换条件,旧请求慢于新请求,连续修改日期/班级,旧响应被丢弃，显示当前条件对应数据,F03,,未执行,,
FE-016,查询,空和错分离,无记录、接口失败、权限不足,分别加载,空状态/失败重试/权限不足明确区分，不统一显示0,F03,,未执行,,
FE-017,统计,节次与人数,同一学生有多节记录,查询汇总,六类和等于总节次；不把每条记录叫一个学生；人数去重,F14,AT-060/AT-061,未执行,,
FE-018,统计,完整性和未知分母,只有部分数据且规则未冻结,打开工作台,显示已导入和数据未齐，不显示完整权威到课率,F14,AT-055,未执行,,
FE-019,统计,汇总水位,明细已变更而汇总延迟,处理后看总数,标同步中/更新时间；同水位后分类汇总与明细一致,F14/F18,AT-060,未执行,,
FE-020,请假,审批不等于备注,原型有请假已核实选项,提交备注并查看正式考勤,备注不能产生批准效力；须权威审批和服务端匹配,F10,AT-042,未执行,,
FE-021,请假,批准与同步分离,轻审批批准但写回失败,查看申请及考勤,显示批准且同步异常，保留原事实和重试任务,F10/F18,AT-043,未执行,,
FE-022,请假,覆盖与撤销,两张有效请假覆盖同节,确认撤销其中一张,仍被剩余单覆盖；原人工结论保护，不一律改旷课,F10,AT-036/AT-039,未执行,,
FE-023,申诉,一审不改判,普通学生旷课申请,一审通过后检查，二审生效后再检查,一审保留原结果；终审实际生效后改为正常并公示,F12,AT-044,未执行,,
FE-024,申诉,超时旧页面,一审超过7乘24小时,旧页面继续提交,拒绝原权限；转合法辅导员代审,F13,AT-048,未执行,,
FE-025,申诉,公示锁定,终审实际生效后满7天,尝试普通自动改判,拒绝并进入有理由的辅导员复核路径,F13,AT-051,未执行,,
FE-026,导入,重复与错误行,重复文件、无日期和同班同名,导入预览并重试,重复不新增；错误独立隔离，不当作待核实或旷课,F08/F09,AT-013/AT-016,未执行,,
FE-027,历史,固定日期,已有历史记录,跨日或转班再查,日期与历史归属不漂移，界面不写死今日日期,F03/F19,AT-011/AT-019,未执行,,
FE-028,导出,跨分页范围一致,筛选结果超过一页,导出所有筛选结果,与授权范围和条件一致，不仅导出当前页；保留学号和中文,F15,AT-006,未执行,,
FE-029,导出,内容与格式安全,学号有前导零，备注以等号开头,导出并在受控表格程序打开,前导零可保留；公式不被当作可执行表达式；文件失败有提示,F15,AT-004,未执行,,
FE-030,模式,真实模式失败,启用真实 provider 且断网,查询,明确报错，不切到mock冒充现网数据,F01/F03,,未执行,,
FE-031,移动端,学生完整链路,有受控IM入口和本人记录,点击消息、看记录、申请、查进度,页面适配且身份连续；只见本人，证据和状态清晰,F20,AT-053,未执行,,
FE-032,消息,个人日报与unknown,当日部分数据/消息结果未知,测试白名单发送及重试,只发本人、提示未齐；unknown先查证不盲重发,F17/F18,AT-053/AT-055/AT-057,未执行,,
FE-033,后续API,与Excel同一事实源,取得真实考勤API文档后,导入同键API记录与原Excel记录,同一业务键不重复；更正保留原始版本，不产生第二套统计,F21,AT-014/AT-015,未执行,,
FE-034,真实验收,完整链路,真实授权测试租户与确认规则,Excel导入→个人查询→审批→更正→统计→白名单IM,全过程有真实证据，模拟与现网分别记录,F01-F20,AT-067,未执行,,
